{
  "Dl_peak1_uK2": 6397.79,
  "Dl_peak2_uK2": 2954.84,
  "Dl_peak3_uK2": 3010.52,
  "Omega_Lambda": 0.686442,
  "Omega_b_h2": 0.0224,
  "Omega_c_h2": 0.12,
  "Omega_gamma": 5.44377e-05,
  "Omega_nu": 3.76583e-05,
  "T_CMB_K": 2.7255,
  "age_Gyr": 13.8096,
  "chi_star_Gpc": 13.8898,
  "eta0_Mpc": 14171.7,
  "h": 0.674,
  "k_D_star_invMpc": 0.149005,
  "l1_peak": 220,
  "l2_over_l1": 2.38636,
  "l2_peak": 525,
  "l3_peak": 800,
  "l_acoustic": 304.209,
  "r_s_star_Mpc": 143.441,
  "theta_star_100": 1.03271,
  "visibility_norm": 1.0,
  "z_eq": 3402.68,
  "z_star": 1082.34
}